{
	"shapes": [
		{
			"label": "bump_injury",
			"line_color": null,
			"fill_color": null,
			"points": [
				[
					545.4545454545455,
					222.1590909090909
				],
				[
					529.5454545454545,
					228.4090909090909
				],
				[
					516.4772727272727,
					242.04545454545453
				],
				[
					532.9545454545455,
					234.0909090909091
				]
			],
			"shape_type": "polygon",
			"flags": {}
		},
		{
			"label": "car_mark",
			"line_color": null,
			"fill_color": null,
			"points": [
				[
					580.1136363636364,
					135.79545454545453
				],
				[
					653.9772727272727,
					136.36363636363637
				],
				[
					652.2727272727273,
					239.77272727272728
				],
				[
					551.7045454545455,
					239.20454545454547
				],
				[
					559.6590909090909,
					193.75
				]
			],
			"shape_type": "polygon",
			"flags": {}
		},
		{
			"label": "car_mark",
			"line_color": null,
			"fill_color": null,
			"points": [
				[
					553.9772727272727,
					470.45454545454544
				],
				[
					654.5454545454545,
					471.02272727272725
				],
				[
					649.4318181818181,
					530.1136363636364
				],
				[
					572.1590909090909,
					532.9545454545455
				]
			],
			"shape_type": "polygon",
			"flags": {}
		}
	],
	"lineColor": [
		0,
		255,
		0,
		128
	],
	"fillColor": [
		255,
		0,
		0,
		128
	],
	"imageHeight": 720,
	"imageWidth": 1280
}