{
	"shapes": [
		{
			"label": "bump_injury",
			"line_color": null,
			"fill_color": null,
			"points": [
				[
					553.5460992907801,
					527.6595744680851
				],
				[
					551.0638297872341,
					556.7375886524823
				],
				[
					556.7375886524823,
					553.5460992907801
				],
				[
					558.1560283687944,
					531.5602836879433
				]
			],
			"shape_type": "polygon",
			"flags": {}
		},
		{
			"label": "bump_injury",
			"line_color": null,
			"fill_color": null,
			"points": [
				[
					679.7872340425532,
					493.97163120567376
				],
				[
					685.4609929078015,
					500.35460992907804
				],
				[
					685.4609929078015,
					510.63829787234044
				],
				[
					679.0780141843971,
					512.7659574468086
				]
			],
			"shape_type": "polygon",
			"flags": {}
		},
		{
			"label": "car_mark",
			"line_color": null,
			"fill_color": null,
			"points": [
				[
					607.5862068965517,
					322.7586206896552
				],
				[
					653.1034482758621,
					321.3793103448276
				],
				[
					651.0344827586207,
					281.3793103448276
				],
				[
					603.448275862069,
					281.3793103448276
				]
			],
			"shape_type": "polygon",
			"flags": {}
		}
	],
	"lineColor": [
		0,
		255,
		0,
		128
	],
	"fillColor": [
		255,
		0,
		0,
		128
	],
	"imageHeight": 720,
	"imageWidth": 1280
}