{
	"shapes": [
		{
			"label": "bump_injury",
			"line_color": null,
			"fill_color": null,
			"points": [
				[
					502.3474178403756,
					393.8967136150235
				],
				[
					506.10328638497657,
					423.4741784037559
				],
				[
					504.63917525773195,
					442.26804123711344
				],
				[
					499.0610328638498,
					423.00469483568077
				]
			],
			"shape_type": "polygon",
			"flags": {}
		},
		{
			"label": "car_mark",
			"line_color": null,
			"fill_color": null,
			"points": [
				[
					542.7230046948357,
					455.39906103286387
				],
				[
					651.6431924882629,
					460.09389671361504
				],
				[
					622.5352112676056,
					526.2910798122066
				],
				[
					579.81220657277,
					527.699530516432
				]
			],
			"shape_type": "polygon",
			"flags": {}
		},
		{
			"label": "car_mark",
			"line_color": null,
			"fill_color": null,
			"points": [
				[
					577.9342723004695,
					136.15023474178403
				],
				[
					659.1549295774648,
					137.5586854460094
				],
				[
					654.4600938967136,
					190.14084507042256
				],
				[
					563.3802816901409,
					186.85446009389673
				]
			],
			"shape_type": "polygon",
			"flags": {}
		},
		{
			"label": "car_mark",
			"line_color": null,
			"fill_color": null,
			"points": [
				[
					559.62441314554,
					200.46948356807513
				],
				[
					653.5211267605634,
					200.93896713615024
				],
				[
					650.2347417840376,
					229.5774647887324
				],
				[
					552.5821596244132,
					229.10798122065728
				]
			],
			"shape_type": "polygon",
			"flags": {}
		},
		{
			"label": "car_mark",
			"line_color": null,
			"fill_color": null,
			"points": [
				[
					548.8262910798122,
					340.3755868544601
				],
				[
					646.0093896713615,
					342.2535211267606
				],
				[
					633.3333333333334,
					364.7887323943662
				],
				[
					548.3568075117371,
					363.38028169014086
				]
			],
			"shape_type": "polygon",
			"flags": {}
		}
	],
	"lineColor": [
		0,
		255,
		0,
		128
	],
	"fillColor": [
		255,
		0,
		0,
		128
	],
	"imageHeight": 720,
	"imageWidth": 1280
}