{
	"shapes": [
		{
			"label": "bump_injury",
			"line_color": null,
			"fill_color": null,
			"points": [
				[
					512.9032258064516,
					541.6422287390029
				],
				[
					516.7155425219942,
					545.1612903225806
				],
				[
					517.0087976539589,
					550.1466275659824
				],
				[
					512.3620309050773,
					546.5783664459161
				]
			],
			"shape_type": "polygon",
			"flags": {}
		},
		{
			"label": "bump_injury",
			"line_color": null,
			"fill_color": null,
			"points": [
				[
					506.15835777126097,
					539.5894428152493
				],
				[
					509.67741935483866,
					543.9882697947214
				],
				[
					510.55718475073314,
					550.1466275659824
				],
				[
					505.86510263929614,
					545.1612903225806
				]
			],
			"shape_type": "polygon",
			"flags": {}
		},
		{
			"label": "bump_injury",
			"line_color": null,
			"fill_color": null,
			"points": [
				[
					503.8123167155425,
					549.266862170088
				],
				[
					499.41348973607035,
					545.1612903225806
				],
				[
					498.5337243401759,
					539.5894428152493
				],
				[
					502.63929618768327,
					544.2815249266862
				]
			],
			"shape_type": "polygon",
			"flags": {}
		},
		{
			"label": "bump_injury",
			"line_color": null,
			"fill_color": null,
			"points": [
				[
					494.4281524926686,
					540.1759530791788
				],
				[
					495.30791788856305,
					546.041055718475
				],
				[
					499.1202346041056,
					547.5073313782991
				],
				[
					497.9472140762463,
					543.108504398827
				]
			],
			"shape_type": "polygon",
			"flags": {}
		},
		{
			"label": "bump_injury",
			"line_color": null,
			"fill_color": null,
			"points": [
				[
					468.03519061583575,
					528.7390029325513
				],
				[
					475.0733137829912,
					543.6950146627565
				],
				[
					479.17888563049854,
					554.8387096774194
				],
				[
					473.6070381231671,
					550.733137829912
				],
				[
					473.0205278592375,
					546.041055718475
				],
				[
					468.6217008797654,
					537.8299120234603
				]
			],
			"shape_type": "polygon",
			"flags": {}
		},
		{
			"label": "bump_injury",
			"line_color": null,
			"fill_color": null,
			"points": [
				[
					487.8587196467991,
					539.2935982339956
				],
				[
					491.39072847682115,
					543.2671081677704
				],
				[
					491.39072847682115,
					547.4613686534216
				],
				[
					488.0794701986755,
					544.3708609271523
				]
			],
			"shape_type": "polygon",
			"flags": {}
		},
		{
			"label": "bump_injury",
			"line_color": null,
			"fill_color": null,
			"points": [
				[
					460.7064017660044,
					531.7880794701987
				],
				[
					461.5894039735099,
					538.8520971302428
				],
				[
					466.44591611479024,
					542.6048565121413
				],
				[
					466.66666666666663,
					549.448123620309
				],
				[
					471.08167770419425,
					555.4083885209712
				],
				[
					471.30242825607064,
					546.7991169977925
				],
				[
					468.2119205298013,
					541.9426048565122
				],
				[
					466.2251655629139,
					536.4238410596026
				]
			],
			"shape_type": "polygon",
			"flags": {}
		},
		{
			"label": "bump_injury",
			"line_color": null,
			"fill_color": null,
			"points": [
				[
					446.13686534216333,
					525.60706401766
				],
				[
					446.79911699779245,
					530.6843267108168
				],
				[
					459.60264900662247,
					544.3708609271523
				],
				[
					462.9139072847682,
					553.4216335540839
				],
				[
					466.66666666666663,
					555.4083885209712
				],
				[
					465.7836644591611,
					549.2273730684326
				],
				[
					461.5894039735099,
					542.1633554083885
				],
				[
					457.1743929359823,
					533.1125827814569
				]
			],
			"shape_type": "polygon",
			"flags": {}
		},
		{
			"label": "bump_injury",
			"line_color": null,
			"fill_color": null,
			"points": [
				[
					454.9668874172185,
					544.5916114790286
				],
				[
					457.61589403973505,
					551.6556291390729
				],
				[
					461.36865342163355,
					556.9536423841059
				],
				[
					460.26490066225165,
					550.3311258278145
				]
			],
			"shape_type": "polygon",
			"flags": {}
		},
		{
			"label": "bump_injury",
			"line_color": null,
			"fill_color": null,
			"points": [
				[
					475.2759381898455,
					534.6578366445916
				],
				[
					477.48344370860923,
					546.5783664459161
				],
				[
					481.89845474613685,
					548.7858719646799
				],
				[
					481.01545253863134,
					541.9426048565122
				]
			],
			"shape_type": "polygon",
			"flags": {}
		},
		{
			"label": "bump_injury",
			"line_color": null,
			"fill_color": null,
			"points": [
				[
					613.4657836644591,
					490.9492273730684
				],
				[
					617.8807947019867,
					500.4415011037527
				],
				[
					617.2185430463576,
					507.0640176600441
				],
				[
					613.2450331125827,
					500.8830022075055
				]
			],
			"shape_type": "polygon",
			"flags": {}
		},
		{
			"label": "bump_injury",
			"line_color": null,
			"fill_color": null,
			"points": [
				[
					606.8432671081678,
					493.1567328918322
				],
				[
					606.6225165562913,
					502.20750551876375
				],
				[
					608.6092715231788,
					509.0507726269315
				],
				[
					612.80353200883,
					506.6225165562914
				],
				[
					611.0375275938189,
					500.4415011037527
				]
			],
			"shape_type": "polygon",
			"flags": {}
		},
		{
			"label": "bump_injury",
			"line_color": null,
			"fill_color": null,
			"points": [
				[
					604.635761589404,
					514.569536423841
				],
				[
					607.2847682119206,
					511.92052980132445
				],
				[
					605.5187637969094,
					503.09050772626927
				],
				[
					600.4415011037527,
					494.92273730684326
				],
				[
					597.3509933774834,
					496.02649006622516
				],
				[
					599.1169977924944,
					505.73951434878586
				]
			],
			"shape_type": "polygon",
			"flags": {}
		},
		{
			"label": "bump_injury",
			"line_color": null,
			"fill_color": null,
			"points": [
				[
					478.58719646799113,
					549.2273730684326
				],
				[
					483.4437086092715,
					550.7726269315673
				],
				[
					484.9889624724062,
					554.7461368653421
				],
				[
					481.01545253863134,
					554.083885209713
				]
			],
			"shape_type": "polygon",
			"flags": {}
		},
		{
			"label": "car_mark",
			"line_color": null,
			"fill_color": null,
			"points": [
				[
					527.8195488721805,
					333.0827067669173
				],
				[
					568.0451127819549,
					333.45864661654133
				],
				[
					579.6992481203007,
					308.64661654135335
				],
				[
					576.3157894736842,
					263.5338345864661
				],
				[
					530.4511278195488,
					262.406015037594
				]
			],
			"shape_type": "polygon",
			"flags": {}
		}
	],
	"lineColor": [
		0,
		255,
		0,
		128
	],
	"fillColor": [
		255,
		0,
		0,
		128
	],
	"imageHeight": 720,
	"imageWidth": 1280
}