{
	"shapes": [
		{
			"label": "bump_injury",
			"line_color": null,
			"fill_color": null,
			"points": [
				[
					599.1169977924944,
					246.35761589403972
				],
				[
					595.8057395143487,
					248.5651214128035
				],
				[
					592.0529801324503,
					257.6158940397351
				],
				[
					592.0529801324503,
					263.1346578366446
				]
			],
			"shape_type": "polygon",
			"flags": {}
		},
		{
			"label": "bump_injury",
			"line_color": null,
			"fill_color": null,
			"points": [
				[
					592.2737306843267,
					241.28035320088298
				],
				[
					584.326710816777,
					256.95364238410593
				],
				[
					587.6379690949227,
					257.1743929359823
				],
				[
					592.9359823399558,
					246.13686534216333
				]
			],
			"shape_type": "polygon",
			"flags": {}
		},
		{
			"label": "bump_injury",
			"line_color": null,
			"fill_color": null,
			"points": [
				[
					587.6379690949227,
					237.7483443708609
				],
				[
					581.8984547461368,
					246.13686534216333
				],
				[
					578.3664459161148,
					253.86313465783664
				],
				[
					584.5474613686534,
					249.0066225165563
				]
			],
			"shape_type": "polygon",
			"flags": {}
		},
		{
			"label": "car_mark",
			"line_color": null,
			"fill_color": null,
			"points": [
				[
					446.6165413533834,
					447.7443609022556
				],
				[
					547.7443609022556,
					449.24812030075185
				],
				[
					551.1278195488721,
					490.6015037593985
				],
				[
					458.2706766917293,
					489.09774436090225
				]
			],
			"shape_type": "polygon",
			"flags": {}
		},
		{
			"label": "car_mark",
			"line_color": null,
			"fill_color": null,
			"points": [
				[
					514.2857142857142,
					145.48872180451127
				],
				[
					583.8345864661654,
					145.48872180451127
				],
				[
					583.4586466165413,
					196.61654135338344
				],
				[
					562.406015037594,
					195.1127819548872
				]
			],
			"shape_type": "polygon",
			"flags": {}
		}
	],
	"lineColor": [
		0,
		255,
		0,
		128
	],
	"fillColor": [
		255,
		0,
		0,
		128
	],
	"imageHeight": 720,
	"imageWidth": 1280
}