{
	"shapes": [
		{
			"label": "bump_injury",
			"line_color": null,
			"fill_color": null,
			"points": [
				[
					602.3346303501946,
					115.56420233463035
				],
				[
					614.0077821011673,
					122.95719844357977
				],
				[
					620.2334630350194,
					136.96498054474708
				],
				[
					607.7821011673152,
					127.23735408560312
				]
			],
			"shape_type": "polygon",
			"flags": {}
		},
		{
			"label": "bump_injury",
			"line_color": null,
			"fill_color": null,
			"points": [
				[
					607.7821011673152,
					384.04669260700393
				],
				[
					614.0077821011673,
					392.21789883268485
				],
				[
					617.1206225680934,
					400.0
				],
				[
					609.7276264591441,
					393.3852140077821
				]
			],
			"shape_type": "polygon",
			"flags": {}
		},
		{
			"label": "car_mark",
			"line_color": null,
			"fill_color": null,
			"points": [
				[
					429.18287937743196,
					424.12451361867704
				],
				[
					559.5330739299611,
					430.739299610895
				],
				[
					554.0856031128405,
					493.3852140077821
				],
				[
					449.0272373540856,
					492.21789883268485
				]
			],
			"shape_type": "polygon",
			"flags": {}
		}
	],
	"lineColor": [
		0,
		255,
		0,
		128
	],
	"fillColor": [
		255,
		0,
		0,
		128
	],
	"imageHeight": 720,
	"imageWidth": 1280
}