{
	"shapes": [
		{
			"label": "bump_injury",
			"line_color": null,
			"fill_color": null,
			"points": [
				[
					455.58252427184465,
					257.7669902912621
				],
				[
					452.9126213592233,
					263.34951456310677
				],
				[
					452.4271844660194,
					272.81553398058253
				],
				[
					455.3398058252427,
					273.7864077669903
				]
			],
			"shape_type": "polygon",
			"flags": {}
		},
		{
			"label": "bump_injury",
			"line_color": null,
			"fill_color": null,
			"points": [
				[
					451.45631067961165,
					256.79611650485435
				],
				[
					448.05825242718447,
					260.43689320388347
				],
				[
					446.11650485436894,
					268.93203883495147
				],
				[
					447.5728155339806,
					273.05825242718447
				],
				[
					450.24271844660194,
					265.04854368932035
				]
			],
			"shape_type": "polygon",
			"flags": {}
		},
		{
			"label": "car_mark",
			"line_color": null,
			"fill_color": null,
			"points": [
				[
					445.5,
					430.0
				],
				[
					554.0,
					431.5
				],
				[
					557.5,
					499.0
				],
				[
					470.0,
					498.0
				]
			],
			"shape_type": "polygon",
			"flags": {}
		}
	],
	"lineColor": [
		0,
		255,
		0,
		128
	],
	"fillColor": [
		255,
		0,
		0,
		128
	],
	"imageHeight": 720,
	"imageWidth": 1280
}