{
	"shapes": [
		{
			"label": "bump_injury",
			"line_color": null,
			"fill_color": null,
			"points": [
				[
					587.741935483871,
					142.90322580645162
				],
				[
					596.1538461538462,
					154.7008547008547
				],
				[
					600.3225806451612,
					154.83870967741936
				],
				[
					604.516129032258,
					156.4516129032258
				],
				[
					606.7741935483871,
					161.29032258064515
				],
				[
					610.0,
					162.25806451612902
				],
				[
					615.8064516129032,
					162.25806451612902
				],
				[
					607.741935483871,
					156.1290322580645
				],
				[
					598.3870967741935,
					149.3548387096774
				]
			],
			"shape_type": "polygon",
			"flags": {}
		},
		{
			"label": "car_mark",
			"line_color": null,
			"fill_color": null,
			"points": [
				[
					452.258064516129,
					426.7741935483871
				],
				[
					559.3548387096774,
					430.0
				],
				[
					559.3548387096774,
					492.258064516129
				],
				[
					467.741935483871,
					491.2903225806451
				]
			],
			"shape_type": "polygon",
			"flags": {}
		}
	],
	"lineColor": [
		0,
		255,
		0,
		128
	],
	"fillColor": [
		255,
		0,
		0,
		128
	],
	"imageHeight": 720,
	"imageWidth": 1280
}