{
	"shapes": [
		{
			"label": "bump_injury",
			"line_color": null,
			"fill_color": null,
			"points": [
				[
					422.22222222222223,
					399.1452991452992
				],
				[
					431.62393162393164,
					427.35042735042737
				],
				[
					423.0769230769231,
					423.50427350427356
				],
				[
					418.8034188034188,
					409.8290598290599
				]
			],
			"shape_type": "polygon",
			"flags": {}
		},
		{
			"label": "bump_injury",
			"line_color": null,
			"fill_color": null,
			"points": [
				[
					447.3333333333333,
					246.0
				],
				[
					453.3333333333333,
					255.33333333333334
				],
				[
					456.6666666666667,
					264.0
				],
				[
					450.0,
					258.6666666666667
				]
			],
			"shape_type": "polygon",
			"flags": {}
		},
		{
			"label": "car_mark",
			"line_color": null,
			"fill_color": null,
			"points": [
				[
					448.71794871794873,
					425.21367521367523
				],
				[
					560.2564102564103,
					426.4957264957265
				],
				[
					562.8205128205128,
					492.3076923076923
				],
				[
					471.7948717948718,
					491.45299145299145
				]
			],
			"shape_type": "polygon",
			"flags": {}
		}
	],
	"lineColor": [
		0,
		255,
		0,
		128
	],
	"fillColor": [
		255,
		0,
		0,
		128
	],
	"imageHeight": 720,
	"imageWidth": 1280
}