{
	"shapes": [
		{
			"label": "bump_injury",
			"line_color": null,
			"fill_color": null,
			"points": [
				[
					459.14396887159535,
					173.92996108949418
				],
				[
					447.85992217898837,
					187.93774319066148
				],
				[
					442.41245136186774,
					204.28015564202335
				],
				[
					453.307392996109,
					191.82879377431908
				]
			],
			"shape_type": "polygon",
			"flags": {}
		},
		{
			"label": "car_mark",
			"line_color": null,
			"fill_color": null,
			"points": [
				[
					438.7096774193548,
					424.19354838709677
				],
				[
					546.7741935483871,
					426.34408602150535
				],
				[
					552.1505376344086,
					494.6236559139785
				],
				[
					453.76344086021504,
					492.47311827956986
				]
			],
			"shape_type": "polygon",
			"flags": {}
		},
		{
			"label": "car_mark",
			"line_color": null,
			"fill_color": null,
			"points": [
				[
					487.09677419354836,
					144.6236559139785
				],
				[
					580.6451612903226,
					147.8494623655914
				],
				[
					583.8709677419355,
					194.6236559139785
				],
				[
					540.3225806451612,
					192.4731182795699
				]
			],
			"shape_type": "polygon",
			"flags": {}
		}
	],
	"lineColor": [
		0,
		255,
		0,
		128
	],
	"fillColor": [
		255,
		0,
		0,
		128
	],
	"imageHeight": 720,
	"imageWidth": 1280
}