{
	"shapes": [
		{
			"label": "bump_injury",
			"line_color": null,
			"fill_color": null,
			"points": [
				[
					593.1818181818181,
					127.27272727272727
				],
				[
					607.3863636363636,
					140.9090909090909
				],
				[
					614.2045454545455,
					156.25
				],
				[
					602.8409090909091,
					146.02272727272728
				]
			],
			"shape_type": "polygon",
			"flags": {}
		},
		{
			"label": "car_mark",
			"line_color": null,
			"fill_color": null,
			"points": [
				[
					483.52272727272725,
					466.47727272727275
				],
				[
					557.9545454545455,
					467.04545454545456
				],
				[
					565.9090909090909,
					554.5454545454545
				],
				[
					515.3409090909091,
					556.8181818181819
				]
			],
			"shape_type": "polygon",
			"flags": {}
		},
		{
			"label": "car_mark",
			"line_color": null,
			"fill_color": null,
			"points": [
				[
					502.84090909090907,
					213.0681818181818
				],
				[
					567.6136363636364,
					213.63636363636363
				],
				[
					569.3181818181819,
					159.6590909090909
				],
				[
					531.25,
					159.0909090909091
				]
			],
			"shape_type": "polygon",
			"flags": {}
		}
	],
	"lineColor": [
		0,
		255,
		0,
		128
	],
	"fillColor": [
		255,
		0,
		0,
		128
	],
	"imageHeight": 720,
	"imageWidth": 1280
}