{
	"shapes": [
		{
			"label": "bump_injury",
			"line_color": null,
			"fill_color": null,
			"points": [
				[
					426.1802575107296,
					411.587982832618
				],
				[
					431.3304721030043,
					422.7467811158798
				],
				[
					427.8969957081545,
					433.0472103004292
				],
				[
					419.7424892703863,
					433.90557939914163
				]
			],
			"shape_type": "polygon",
			"flags": {}
		},
		{
			"label": "car_mark",
			"line_color": null,
			"fill_color": null,
			"points": [
				[
					493.1330472103004,
					260.08583690987126
				],
				[
					595.7081545064377,
					261.3733905579399
				],
				[
					582.4034334763949,
					208.15450643776825
				],
				[
					506.86695278969955,
					209.4420600858369
				]
			],
			"shape_type": "polygon",
			"flags": {}
		},
		{
			"label": "car_mark",
			"line_color": null,
			"fill_color": null,
			"points": [
				[
					490.12875536480686,
					327.0386266094421
				],
				[
					592.7038626609442,
					327.8969957081545
				],
				[
					578.5407725321888,
					349.7854077253219
				],
				[
					505.15021459227466,
					352.3605150214592
				]
			],
			"shape_type": "polygon",
			"flags": {}
		},
		{
			"label": "car_mark",
			"line_color": null,
			"fill_color": null,
			"points": [
				[
					487.1244635193133,
					540.3433476394849
				],
				[
					596.9957081545065,
					542.4892703862661
				],
				[
					586.2660944206009,
					596.9957081545065
				],
				[
					520.1716738197425,
					596.5665236051502
				]
			],
			"shape_type": "polygon",
			"flags": {}
		}
	],
	"lineColor": [
		0,
		255,
		0,
		128
	],
	"fillColor": [
		255,
		0,
		0,
		128
	],
	"imageHeight": 720,
	"imageWidth": 1280
}