{
	"shapes": [
		{
			"label": "bump_injury",
			"line_color": null,
			"fill_color": null,
			"points": [
				[
					467.70428015564204,
					191.82879377431908
				],
				[
					456.0311284046693,
					198.05447470817123
				],
				[
					450.1945525291829,
					209.33852140077823
				],
				[
					462.2568093385214,
					202.33463035019457
				]
			],
			"shape_type": "polygon",
			"flags": {}
		},
		{
			"label": "bump_injury",
			"line_color": null,
			"fill_color": null,
			"points": [
				[
					469.64980544747084,
					210.11673151750975
				],
				[
					456.42023346303506,
					212.4513618677043
				],
				[
					445.136186770428,
					224.12451361867707
				],
				[
					459.9221789883269,
					220.62256809338524
				]
			],
			"shape_type": "polygon",
			"flags": {}
		},
		{
			"label": "car_mark",
			"line_color": null,
			"fill_color": null,
			"points": [
				[
					490.27237354085605,
					128.01556420233464
				],
				[
					580.1556420233463,
					126.4591439688716
				],
				[
					582.1011673151752,
					178.59922178988327
				],
				[
					471.9844357976654,
					177.82101167315176
				]
			],
			"shape_type": "polygon",
			"flags": {}
		},
		{
			"label": "car_mark",
			"line_color": null,
			"fill_color": null,
			"points": [
				[
					438.52140077821014,
					440.07782101167317
				],
				[
					547.4708171206227,
					443.1906614785992
				],
				[
					549.0272373540856,
					507.39299610894943
				],
				[
					456.42023346303506,
					505.44747081712063
				]
			],
			"shape_type": "polygon",
			"flags": {}
		}
	],
	"lineColor": [
		0,
		255,
		0,
		128
	],
	"fillColor": [
		255,
		0,
		0,
		128
	],
	"imageHeight": 720,
	"imageWidth": 1280
}