{
	"shapes": [
		{
			"label": "bump_injury",
			"line_color": null,
			"fill_color": null,
			"points": [
				[
					473.93162393162396,
					182.47863247863248
				],
				[
					460.68376068376074,
					185.8974358974359
				],
				[
					449.5726495726496,
					198.71794871794873
				],
				[
					465.3846153846154,
					191.45299145299145
				]
			],
			"shape_type": "polygon",
			"flags": {}
		},
		{
			"label": "car_mark",
			"line_color": null,
			"fill_color": null,
			"points": [
				[
					476.92307692307696,
					176.4957264957265
				],
				[
					580.3418803418804,
					176.4957264957265
				],
				[
					567.948717948718,
					114.95726495726497
				],
				[
					493.58974358974365,
					114.52991452991454
				]
			],
			"shape_type": "polygon",
			"flags": {}
		},
		{
			"label": "car_mark",
			"line_color": null,
			"fill_color": null,
			"points": [
				[
					479.0598290598291,
					548.2905982905983
				],
				[
					552.991452991453,
					549.1452991452992
				],
				[
					550.8547008547009,
					468.8034188034188
				],
				[
					454.27350427350433,
					467.94871794871796
				]
			],
			"shape_type": "polygon",
			"flags": {}
		}
	],
	"lineColor": [
		0,
		255,
		0,
		128
	],
	"fillColor": [
		255,
		0,
		0,
		128
	],
	"imageHeight": 720,
	"imageWidth": 1280
}