{
	"shapes": [
		{
			"label": "bump_injury",
			"line_color": null,
			"fill_color": null,
			"points": [
				[
					599.5305164319249,
					258.6854460093897
				],
				[
					611.737089201878,
					269.4835680751174
				],
				[
					620.6572769953052,
					285.44600938967136
				],
				[
					607.0422535211268,
					274.6478873239437
				]
			],
			"shape_type": "polygon",
			"flags": {}
		},
		{
			"label": "car_mark",
			"line_color": null,
			"fill_color": null,
			"points": [
				[
					480.7511737089202,
					178.87323943661974
				],
				[
					578.8732394366198,
					178.87323943661974
				],
				[
					570.8920187793427,
					126.29107981220658
				],
				[
					494.83568075117375,
					125.35211267605635
				]
			],
			"shape_type": "polygon",
			"flags": {}
		},
		{
			"label": "car_mark",
			"line_color": null,
			"fill_color": null,
			"points": [
				[
					484.037558685446,
					543.1924882629108
				],
				[
					555.868544600939,
					543.661971830986
				],
				[
					551.6431924882629,
					466.6666666666667
				],
				[
					460.5633802816902,
					466.6666666666667
				]
			],
			"shape_type": "polygon",
			"flags": {}
		}
	],
	"lineColor": [
		0,
		255,
		0,
		128
	],
	"fillColor": [
		255,
		0,
		0,
		128
	],
	"imageHeight": 720,
	"imageWidth": 1280
}