{
	"shapes": [
		{
			"label": "bump_injury",
			"line_color": null,
			"fill_color": null,
			"points": [
				[
					466.504854368932,
					190.7766990291262
				],
				[
					464.32038834951453,
					198.3009708737864
				],
				[
					464.5631067961165,
					205.09708737864077
				],
				[
					467.7184466019417,
					199.02912621359224
				]
			],
			"shape_type": "polygon",
			"flags": {}
		},
		{
			"label": "bump_injury",
			"line_color": null,
			"fill_color": null,
			"points": [
				[
					461.6504854368932,
					221.1165048543689
				],
				[
					466.9902912621359,
					231.31067961165047
				],
				[
					466.9902912621359,
					241.01941747572818
				],
				[
					461.1650485436893,
					232.28155339805826
				]
			],
			"shape_type": "polygon",
			"flags": {}
		},
		{
			"label": "bump_injury",
			"line_color": null,
			"fill_color": null,
			"points": [
				[
					462.62135922330094,
					187.62135922330097
				],
				[
					458.252427184466,
					198.7864077669903
				],
				[
					456.5533980582524,
					210.4368932038835
				],
				[
					461.8932038834951,
					198.7864077669903
				]
			],
			"shape_type": "polygon",
			"flags": {}
		},
		{
			"label": "bump_injury",
			"line_color": null,
			"fill_color": null,
			"points": [
				[
					458.252427184466,
					182.52427184466018
				],
				[
					452.66990291262135,
					196.84466019417476
				],
				[
					450.0,
					212.37864077669903
				],
				[
					456.5533980582524,
					196.35922330097088
				]
			],
			"shape_type": "polygon",
			"flags": {}
		},
		{
			"label": "bump_injury",
			"line_color": null,
			"fill_color": null,
			"points": [
				[
					452.4271844660194,
					181.79611650485435
				],
				[
					445.873786407767,
					196.11650485436894
				],
				[
					445.63106796116506,
					211.89320388349515
				],
				[
					450.4854368932039,
					196.35922330097088
				]
			],
			"shape_type": "polygon",
			"flags": {}
		},
		{
			"label": "car_mark",
			"line_color": null,
			"fill_color": null,
			"points": [
				[
					508.695652173913,
					104.0133779264214
				],
				[
					582.2742474916388,
					103.34448160535116
				],
				[
					583.9464882943143,
					140.80267558528428
				],
				[
					495.31772575250835,
					141.4715719063545
				]
			],
			"shape_type": "polygon",
			"flags": {}
		},
		{
			"label": "car_mark",
			"line_color": null,
			"fill_color": null,
			"points": [
				[
					459.1973244147157,
					437.7926421404682
				],
				[
					552.8428093645484,
					440.133779264214
				],
				[
					551.505016722408,
					503.01003344481603
				],
				[
					471.9063545150501,
					499.66555183946485
				]
			],
			"shape_type": "polygon",
			"flags": {}
		}
	],
	"lineColor": [
		0,
		255,
		0,
		128
	],
	"fillColor": [
		255,
		0,
		0,
		128
	],
	"imageHeight": 720,
	"imageWidth": 1280
}