{
	"shapes": [
		{
			"label": "bump_injury",
			"line_color": null,
			"fill_color": null,
			"points": [
				[
					459.9290780141844,
					193.97163120567376
				],
				[
					451.06382978723406,
					208.15602836879432
				],
				[
					448.936170212766,
					222.34042553191492
				],
				[
					456.3829787234043,
					209.5744680851064
				]
			],
			"shape_type": "polygon",
			"flags": {}
		},
		{
			"label": "bump_injury",
			"line_color": null,
			"fill_color": null,
			"points": [
				[
					422.6950354609929,
					391.8439716312057
				],
				[
					414.1843971631206,
					395.39007092198585
				],
				[
					407.0921985815603,
					407.0921985815603
				],
				[
					416.31205673758865,
					403.19148936170217
				]
			],
			"shape_type": "polygon",
			"flags": {}
		},
		{
			"label": "car_mark",
			"line_color": null,
			"fill_color": null,
			"points": [
				[
					491.8439716312057,
					122.69503546099291
				],
				[
					573.404255319149,
					122.69503546099291
				],
				[
					576.9503546099291,
					181.56028368794327
				],
				[
					511.7021276595745,
					181.91489361702128
				]
			],
			"shape_type": "polygon",
			"flags": {}
		},
		{
			"label": "car_mark",
			"line_color": null,
			"fill_color": null,
			"points": [
				[
					449.645390070922,
					486.5248226950355
				],
				[
					548.2269503546099,
					489.0070921985816
				],
				[
					547.872340425532,
					449.645390070922
				],
				[
					437.2340425531915,
					449.290780141844
				]
			],
			"shape_type": "polygon",
			"flags": {}
		}
	],
	"lineColor": [
		0,
		255,
		0,
		128
	],
	"fillColor": [
		255,
		0,
		0,
		128
	],
	"imageHeight": 720,
	"imageWidth": 1280
}