<annotation><size><width>1280</width><height>720</height></size><object><label>bump_injury</label><bnd_box><xmin>499</xmin><xmax>506</xmax><ymin>393</ymin><ymax>442</ymax></bnd_box></object><object><label>car_mark</label><bnd_box><xmin>542</xmin><xmax>651</xmax><ymin>455</ymin><ymax>527</ymax></bnd_box></object><object><label>car_mark</label><bnd_box><xmin>563</xmin><xmax>659</xmax><ymin>136</ymin><ymax>190</ymax></bnd_box></object><object><label>car_mark</label><bnd_box><xmin>552</xmin><xmax>653</xmax><ymin>200</ymin><ymax>229</ymax></bnd_box></object><object><label>car_mark</label><bnd_box><xmin>548</xmin><xmax>646</xmax><ymin>340</ymin><ymax>364</ymax></bnd_box></object></annotation>