<annotation><size><width>1280</width><height>720</height></size><object><label>bump_injury</label><bnd_box><xmin>512</xmin><xmax>517</xmax><ymin>541</ymin><ymax>550</ymax></bnd_box></object><object><label>bump_injury</label><bnd_box><xmin>505</xmin><xmax>510</xmax><ymin>539</ymin><ymax>550</ymax></bnd_box></object><object><label>bump_injury</label><bnd_box><xmin>498</xmin><xmax>503</xmax><ymin>539</ymin><ymax>549</ymax></bnd_box></object><object><label>bump_injury</label><bnd_box><xmin>494</xmin><xmax>499</xmax><ymin>540</ymin><ymax>547</ymax></bnd_box></object><object><label>bump_injury</label><bnd_box><xmin>468</xmin><xmax>479</xmax><ymin>528</ymin><ymax>554</ymax></bnd_box></object><object><label>bump_injury</label><bnd_box><xmin>487</xmin><xmax>491</xmax><ymin>539</ymin><ymax>547</ymax></bnd_box></object><object><label>bump_injury</label><bnd_box><xmin>460</xmin><xmax>471</xmax><ymin>531</ymin><ymax>555</ymax></bnd_box></object><object><label>bump_injury</label><bnd_box><xmin>446</xmin><xmax>466</xmax><ymin>525</ymin><ymax>555</ymax></bnd_box></object><object><label>bump_injury</label><bnd_box><xmin>454</xmin><xmax>461</xmax><ymin>544</ymin><ymax>556</ymax></bnd_box></object><object><label>bump_injury</label><bnd_box><xmin>475</xmin><xmax>481</xmax><ymin>534</ymin><ymax>548</ymax></bnd_box></object><object><label>bump_injury</label><bnd_box><xmin>613</xmin><xmax>617</xmax><ymin>490</ymin><ymax>507</ymax></bnd_box></object><object><label>bump_injury</label><bnd_box><xmin>606</xmin><xmax>612</xmax><ymin>493</ymin><ymax>509</ymax></bnd_box></object><object><label>bump_injury</label><bnd_box><xmin>597</xmin><xmax>607</xmax><ymin>494</ymin><ymax>514</ymax></bnd_box></object><object><label>bump_injury</label><bnd_box><xmin>478</xmin><xmax>484</xmax><ymin>549</ymin><ymax>554</ymax></bnd_box></object><object><label>car_mark</label><bnd_box><xmin>527</xmin><xmax>579</xmax><ymin>262</ymin><ymax>333</ymax></bnd_box></object></annotation>