<annotation><size><width>1280</width><height>720</height></size><object><label>bump_injury</label><bnd_box><xmin>592</xmin><xmax>599</xmax><ymin>246</ymin><ymax>263</ymax></bnd_box></object><object><label>bump_injury</label><bnd_box><xmin>584</xmin><xmax>592</xmax><ymin>241</ymin><ymax>257</ymax></bnd_box></object><object><label>bump_injury</label><bnd_box><xmin>578</xmin><xmax>587</xmax><ymin>237</ymin><ymax>253</ymax></bnd_box></object><object><label>car_mark</label><bnd_box><xmin>446</xmin><xmax>551</xmax><ymin>447</ymin><ymax>490</ymax></bnd_box></object><object><label>car_mark</label><bnd_box><xmin>514</xmin><xmax>583</xmax><ymin>145</ymin><ymax>196</ymax></bnd_box></object></annotation>