<annotation><size><width>1280</width><height>720</height></size><object><label>bump_injury</label><bnd_box><xmin>419</xmin><xmax>431</xmax><ymin>411</ymin><ymax>433</ymax></bnd_box></object><object><label>car_mark</label><bnd_box><xmin>493</xmin><xmax>595</xmax><ymin>208</ymin><ymax>261</ymax></bnd_box></object><object><label>car_mark</label><bnd_box><xmin>490</xmin><xmax>592</xmax><ymin>327</ymin><ymax>352</ymax></bnd_box></object><object><label>car_mark</label><bnd_box><xmin>487</xmin><xmax>596</xmax><ymin>540</ymin><ymax>596</ymax></bnd_box></object></annotation>