<annotation><size><width>1280</width><height>720</height></size><object><label>bump_injury</label><bnd_box><xmin>450</xmin><xmax>467</xmax><ymin>191</ymin><ymax>209</ymax></bnd_box></object><object><label>bump_injury</label><bnd_box><xmin>445</xmin><xmax>469</xmax><ymin>210</ymin><ymax>224</ymax></bnd_box></object><object><label>car_mark</label><bnd_box><xmin>471</xmin><xmax>582</xmax><ymin>126</ymin><ymax>178</ymax></bnd_box></object><object><label>car_mark</label><bnd_box><xmin>438</xmin><xmax>549</xmax><ymin>440</ymin><ymax>507</ymax></bnd_box></object></annotation>