<annotation><size><width>1280</width><height>720</height></size><object><label>bump_injury</label><bnd_box><xmin>464</xmin><xmax>467</xmax><ymin>190</ymin><ymax>205</ymax></bnd_box></object><object><label>bump_injury</label><bnd_box><xmin>461</xmin><xmax>466</xmax><ymin>221</ymin><ymax>241</ymax></bnd_box></object><object><label>bump_injury</label><bnd_box><xmin>456</xmin><xmax>462</xmax><ymin>187</ymin><ymax>210</ymax></bnd_box></object><object><label>bump_injury</label><bnd_box><xmin>450</xmin><xmax>458</xmax><ymin>182</ymin><ymax>212</ymax></bnd_box></object><object><label>bump_injury</label><bnd_box><xmin>445</xmin><xmax>452</xmax><ymin>181</ymin><ymax>211</ymax></bnd_box></object><object><label>car_mark</label><bnd_box><xmin>495</xmin><xmax>583</xmax><ymin>103</ymin><ymax>141</ymax></bnd_box></object><object><label>car_mark</label><bnd_box><xmin>459</xmin><xmax>552</xmax><ymin>437</ymin><ymax>503</ymax></bnd_box></object></annotation>