<annotation><size><width>1280</width><height>720</height></size><object><label>bump_injury</label><bnd_box><xmin>448</xmin><xmax>459</xmax><ymin>193</ymin><ymax>222</ymax></bnd_box></object><object><label>bump_injury</label><bnd_box><xmin>407</xmin><xmax>422</xmax><ymin>391</ymin><ymax>407</ymax></bnd_box></object><object><label>car_mark</label><bnd_box><xmin>491</xmin><xmax>576</xmax><ymin>122</ymin><ymax>181</ymax></bnd_box></object><object><label>car_mark</label><bnd_box><xmin>437</xmin><xmax>548</xmax><ymin>449</ymin><ymax>489</ymax></bnd_box></object></annotation>